Date,Ticker,Price,Change_Pct,RSI,SMA50,StopLoss,TakeProfit,Rec_Shares,Sharpe,MaxDD
2026-10-04,BTC-USD,85306.17,0.64,67.3,79004.3,81977.78,90853.49,0.05,-0.48,-53.1
2026-10-04,ETH-USD,2700.7,0.5,58.1,2500.48,2585.03,2893.48,1.3,-0.4,-66.6
2026-10-04,GLD,380.14,-0.68,38.4,396.29,370.14,396.81,15.0,0.36,-26.4
2026-10-04,AAPL,333.69,1.02,50.7,322.36,323.94,349.95,15.38,1.19,-13.8
2026-10-04,NVDA,233.95,1.34,83.0,218.12,226.22,246.82,19.42,0.78,-20.2
2026-10-04,TSLA,370.59,4.65,57.6,347.58,353.4,399.25,8.72,-0.09,-39.1
2026-10-05,BTC-USD,86309.87,-0.2,48.2,79497.6,83374.76,91201.71,0.05,-0.48,-53.1
2026-10-05,ETH-USD,2724.53,-0.07,39.6,2518.01,2618.55,2901.17,1.42,-0.4,-66.6
2026-10-05,GLD,380.14,-0.68,38.4,396.29,370.14,396.81,15.0,0.36,-26.4
2026-10-05,AAPL,333.69,1.02,50.7,322.36,323.94,349.95,15.38,1.19,-13.8
2026-10-05,NVDA,233.95,1.34,83.0,218.12,226.22,246.82,19.42,0.78,-20.2
2026-10-05,TSLA,370.59,4.65,57.6,347.58,353.4,399.25,8.72,-0.09,-39.1
2026-10-06,BTC-USD,85278.01,-1.39,42.6,79476.97,82357.82,90144.98,0.05,-0.52,-53.1
2026-10-06,ETH-USD,2696.03,-1.12,35.6,2517.44,2590.42,2872.06,1.42,-0.46,-66.6
2026-10-06,GLD,379.55,-0.16,36.5,396.45,369.63,396.09,15.11,0.29,-26.4
2026-10-06,AAPL,332.89,-0.24,51.9,322.36,323.15,349.12,15.41,1.2,-13.8
2026-10-06,NVDA,238.9,2.12,84.6,218.76,230.84,252.34,18.6,0.87,-20.2
2026-10-06,TSLA,378.73,2.2,63.5,348.9,360.64,408.88,8.29,-0.17,-39.1
